"miRNA","baseMean","log2FoldChange","lfcSE","stat","pvalue","padj","regulation"
"hsa-miR-301a-3p",820.180427900898,1.79261333702565,0.145251419953395,12.3414513785877,5.41704867687765e-35,3.08230069714338e-32,"Up"
"hsa-miR-421",790.227741258369,1.76518809628751,0.145689513296024,12.1160957734882,8.67963002884133e-34,2.46935474320536e-31,"Up"
"hsa-miR-139-5p",5554.39725867924,-2.19653480857282,0.186124980121185,-11.8013971426225,3.83884229248665e-32,7.28100421474968e-30,"Down"
"hsa-miR-3200-3p",53.9540834618571,3.03674052326804,0.259105402027571,11.7200973021199,1.0055643518415e-31,1.43041529049453e-29,"Up"
"hsa-miR-183-5p",2494.48433458969,2.9430815392838,0.251747281215601,11.6906189614945,1.42345403881925e-31,1.61989069617631e-29,"Up"
"hsa-miR-501-5p",71.7139952010081,2.14154710536495,0.189477547332269,11.3023792819606,1.27710243808303e-29,1.2111188121154e-27,"Up"
"hsa-miR-1269a",616.388466280861,5.90015105205038,0.527628173870919,11.1824033367366,4.97248443811502e-29,4.04191949326778e-27,"Up"
"hsa-miR-1246",915.638464894125,4.87798386168533,0.438588879133622,11.1219962332861,9.80531429331583e-29,6.97402979112088e-27,"Up"
"hsa-miR-769-3p",75.9961665119089,1.36961582175695,0.125684150765053,10.897283495333,1.18749751606808e-27,7.50762318491931e-26,"Up"
"hsa-miR-222-3p",4932.05761295541,1.56272959383706,0.144055689823345,10.8480935099018,2.03628332820756e-27,1.15762794494008e-25,"Up"
"hsa-miR-196b-5p",989.221032456658,3.58128346006909,0.33039324193403,10.8394573663349,2.23794506051685e-27,1.15762794494008e-25,"Up"
"hsa-miR-139-3p",315.519812551425,-1.99786502921668,0.187159813116945,-10.6746474894604,1.33764256156897e-26,6.34265514610618e-25,"Down"
"hsa-miR-589-5p",369.060985892572,1.45098674823141,0.136779467325302,10.6082204924847,2.72896912196311e-26,1.19444879261308e-24,"Up"
"hsa-miR-18a-5p",585.158181624715,1.81642596017985,0.171443239282906,10.5949115741011,3.14638215773436e-26,1.27877960553632e-24,"Up"
"hsa-miR-93-5p",13678.5891994704,1.29076964058083,0.122470369035827,10.5394443630951,5.68336859982573e-26,2.15589115553389e-24,"Up"
"hsa-miR-760",19.4672941892448,2.26108683836524,0.216434770297969,10.4469667015719,1.51286624147207e-25,5.38013057123507e-24,"Up"
"hsa-miR-182-5p",17320.7993436866,2.6710652069068,0.260741359213201,10.2441178298942,1.25766909200948e-24,4.20949243149056e-23,"Up"
"hsa-miR-877-5p",97.708501010201,1.91311989336549,0.186896136521237,10.236273092505,1.36389399270583e-24,4.31142045472009e-23,"Up"
"hsa-miR-135a-5p",1221.73023102359,3.16412613433601,0.310611620949198,10.1867603171663,2.27209944290812e-24,6.80433991060379e-23,"Up"
"hsa-miR-34c-5p",62.5720663776355,3.08252325161661,0.302867188878203,10.1778052057539,2.49116637452592e-24,7.08736833552625e-23,"Up"
"hsa-miR-5010-3p",25.1198850658744,1.58335818028388,0.156852716090846,10.0945537938076,5.83960407536704e-24,1.58225462803993e-22,"Up"
"hsa-miR-454-5p",29.9490443106191,1.63363244499185,0.16431617521751,9.94200627436326,2.73267101120307e-23,7.06768093352066e-22,"Up"
"hsa-miR-490-3p",44.6083612294156,-2.96789808298482,0.300439754487514,-9.87851320823845,5.15926867237141e-23,1.27635820633884e-21,"Down"
"hsa-miR-425-5p",6431.84552694198,1.34908035843529,0.136851576424175,9.85798186389744,6.33090430835844e-23,1.50095189643998e-21,"Up"
"hsa-miR-1180-3p",1109.45189046803,2.24268807686441,0.230295983434049,9.73828567664386,2.07017145916541e-22,4.71171024106047e-21,"Up"
"hsa-miR-449a",140.136230838657,2.91406705211363,0.299687128687531,9.72369772727873,2.3894319535121e-22,5.22917992903226e-21,"Up"
"hsa-miR-1307-3p",2598.3430198094,1.3045218406493,0.135245594424272,9.64557733804585,5.13215825339417e-22,1.08155483191899e-20,"Up"
"hsa-miR-490-5p",49.2466071761666,-3.24287877699709,0.352944704562968,-9.18806468852554,3.99972344273458e-20,8.12800942469992e-19,"Down"
"hsa-miR-18a-3p",48.696405728735,1.905987974306,0.207715206232179,9.17596746468106,4.47537464502297e-20,8.78099370006231e-19,"Up"
"hsa-miR-221-3p",2947.88592485444,1.60348279370202,0.175641453771436,9.1292958425899,6.89462722983155e-20,1.30768096459138e-18,"Up"
"hsa-miR-7706",153.349816828086,1.45535103393783,0.159796484499693,9.10752848220906,8.42799710975222e-20,1.54694527595129e-18,"Up"
"hsa-miR-215-5p",3736.30692596171,3.18490928835616,0.350317587156196,9.09149127855835,9.76898006029868e-20,1.73704676697186e-18,"Up"
"hsa-miR-532-5p",7247.94008860388,1.04528693036407,0.115146018585307,9.07792508335544,1.10664290861555e-19,1.90812065152197e-18,"Up"
"hsa-miR-216b-5p",165.860905636458,3.70250475763734,0.409145139463718,9.04936757281377,1.43798749304543e-19,2.40651436336133e-18,"Up"
"hsa-miR-7-5p",3192.67618922097,1.7158662316588,0.190620558895197,9.00147519031346,2.22704802626214e-19,3.62054379126617e-18,"Up"
"hsa-miR-1301-3p",183.742461216313,1.43024880672714,0.159020334898783,8.99412523333887,2.3812087200429e-19,3.76363267140114e-18,"Up"
"hsa-miR-589-3p",26.7350074989951,1.88463672338991,0.212321142524337,8.87634976424398,6.90903489749496e-19,1.06249752883098e-17,"Up"
"hsa-miR-1226-3p",45.2940636883917,2.53214880386082,0.287016275095522,8.82231783900789,1.12114486827139e-18,1.67876692117479e-17,"Up"
"hsa-miR-1306-5p",27.9898581936423,1.49561254321532,0.171645800148567,8.71336520859123,2.94984382312361e-18,4.30374650091625e-17,"Up"
"hsa-miR-941",1572.03561552557,1.32092011941577,0.155167958116769,8.51284076588628,1.69723073566089e-17,2.41431072147761e-16,"Up"
"hsa-miR-671-5p",333.696131387224,1.41759166264727,0.166938772950476,8.49168612894868,2.03660427648849e-17,2.82640934956573e-16,"Up"
"hsa-miR-3187-3p",22.9310526434716,1.83410359615505,0.219826640769649,8.34340910516373,7.21789245667431e-17,9.77852573297068e-16,"Up"
"hsa-miR-500a-5p",104.33919744236,1.25728312461323,0.150787489859437,8.33811296802708,7.54854421810349e-17,9.98865502349043e-16,"Up"
"hsa-miR-99a-3p",465.650160928024,-1.54816954567608,0.185947114870575,-8.32585946145847,8.37190810855969e-17,1.08263993494783e-15,"Down"
"hsa-miR-219b-5p",15.7690042735176,1.93982905298204,0.233088900972724,8.32227122306884,8.62935702964039e-17,1.09113425552564e-15,"Up"
"hsa-miR-1290",68.5928224571359,3.9557408436396,0.475875865065982,8.31254773362192,9.36689541538979e-17,1.15864423725148e-15,"Up"
"hsa-miR-548k",429.827262098792,1.59128725029819,0.191718715036862,8.30011431065679,1.04011268787946e-16,1.25920025404982e-15,"Up"
"hsa-miR-454-3p",1212.27322838325,1.04520273900296,0.126785058870048,8.24389520593493,1.66693161694088e-16,1.97600852091533e-15,"Up"
"hsa-miR-424-5p",4710.20639899837,-1.18549695830862,0.143859818581104,-8.24063988124846,1.71292072470508e-16,1.98908549460651e-15,"Down"
"hsa-miR-301b-3p",44.2551353831161,2.48434436877827,0.302747652777825,8.20599052043333,2.28697462711971e-16,2.60257712566223e-15,"Up"
"hsa-miR-9-3p",112.184855489448,3.43911138160672,0.420106480499947,8.18628500449221,2.69413293464742e-16,3.00580713689095e-15,"Up"
"hsa-miR-21-5p",944485.65926574,1.28164905167628,0.15660604181768,8.18390553008398,2.74789526612641e-16,3.00683155081909e-15,"Up"
"hsa-miR-93-3p",106.071223448723,1.19061125131457,0.145651150532813,8.17440333948032,2.97333587975985e-16,3.1921285199686e-15,"Up"
"hsa-miR-196a-5p",199.792323246912,3.76266550839876,0.461061858641539,8.16086917162263,3.32622293034446e-16,3.50485342104815e-15,"Up"
"hsa-miR-224-5p",3577.41326222911,2.37431021719225,0.291272269303897,8.15151481075265,3.59393653258928e-16,3.71809070371509e-15,"Up"
"hsa-miR-101-3p",13400.5305863523,-1.3082423609304,0.161330544500134,-8.10908042853174,5.10042791763796e-16,5.1823990806e-15,"Down"
"hsa-miR-362-5p",763.095844080063,1.11027267328276,0.137550587749103,8.07174066975227,6.93029527673742e-16,6.91813686397121e-15,"Up"
"hsa-miR-500a-3p",1882.43296187353,1.04839578938854,0.130535845750261,8.03147812283159,9.63052488427017e-16,9.44787699853401e-15,"Up"
"hsa-miR-216a-5p",273.897758035053,3.19061751282746,0.39864031196318,8.00375029086913,1.2068600554161e-15,1.16390401954536e-14,"Up"
"hsa-miR-210-3p",669.738586257963,1.966307621497,0.246478182876388,7.97761326601119,1.49189979189831e-15,1.41481830265023e-14,"Up"
"hsa-miR-660-5p",3967.59501842,0.862888355622581,0.108716344102826,7.937061927013,2.07026699784135e-15,1.93111790454381e-14,"NS"
"hsa-miR-550a-5p",27.2914777292464,1.43979756398146,0.18220934873903,7.90188634087933,2.74713866154884e-15,2.48114587050999e-14,"Up"
"hsa-miR-96-5p",493.384426502927,2.19416490595838,0.277660630871349,7.90232630053709,2.7374566358795e-15,2.48114587050999e-14,"Up"
"hsa-miR-10b-5p",78415.0233760576,1.88417271909796,0.239400947007152,7.87036451882403,3.53609416721282e-15,3.14380872053765e-14,"Up"
"hsa-miR-217",61.2481059328089,3.18594627146568,0.406720916785148,7.83324913960271,4.75420908553463e-15,4.16176149179878e-14,"Up"
"hsa-miR-125b-5p",11939.3094233028,-1.30088547273421,0.166240623647309,-7.82531636487434,5.0638185804078e-15,4.36562541250309e-14,"Down"
"hsa-miR-629-5p",108.499991407371,1.50504528558617,0.193304575798025,7.78587511119612,6.92323125258274e-15,5.87957997420833e-14,"Up"
"hsa-miR-501-3p",1376.17540760524,1.07074392893815,0.138376331973484,7.73791235587404,1.01062472451215e-14,8.36477796777944e-14,"Up"
"hsa-miR-221-5p",141.076039254663,1.14574862876622,0.148078449966801,7.73744342288226,1.01435796094338e-14,8.36477796777944e-14,"Up"
"hsa-miR-106b-5p",1100.57533344754,1.17115757167584,0.151770748079087,7.7166225145412,1.19452754895123e-14,9.70980250504641e-14,"Up"
"hsa-miR-31-3p",306.665697402008,3.65847748470746,0.480111797931288,7.62005328856977,2.53571013305034e-14,2.03213952916288e-13,"Up"
"hsa-miR-10a-5p",169209.671447893,-1.26608771256426,0.167334242724632,-7.5662201110131,3.84240772525939e-14,3.03656943843416e-13,"Down"
"hsa-miR-548ay-5p",28.921205888715,1.20108795956813,0.159005684135738,7.55374228346958,4.22926647049153e-14,3.2965104406982e-13,"Up"
"hsa-miR-130b-3p",847.839578362103,1.41293582326783,0.187201289623807,7.54768210254967,4.43072791184287e-14,3.4068705159981e-13,"Up"
"hsa-miR-25-3p",18337.6932294986,0.952198709229039,0.127246081284386,7.48312796447495,7.25741522818331e-14,5.50595901978174e-13,"NS"
"hsa-miR-15b-3p",161.154395776788,1.55693871224383,0.208310374366865,7.47412949055448,7.77165849935911e-14,5.8185180080728e-13,"Up"
"hsa-miR-452-5p",355.982448370839,1.92084593773591,0.260116335556369,7.38456480877053,1.5295283991644e-13,1.13026189496694e-12,"Up"
"hsa-miR-4677-5p",8.10551693879564,1.15586212820763,0.157841025120479,7.32295122466018,2.42575988581465e-13,1.76956073721607e-12,"Up"
"hsa-miR-942-5p",66.0058255366841,1.40437182497793,0.192028202809593,7.3133623313157,2.60539225431846e-13,1.87654201608507e-12,"Up"
"hsa-miR-30c-2-3p",123.321805866148,-1.28253729529088,0.176420905305612,-7.26975804295501,3.60131963726897e-13,2.56143859200756e-12,"Down"
"hsa-miR-502-5p",26.4993597046915,1.37100289340399,0.189634059157295,7.22972919261719,4.8395810828058e-13,3.39965634088457e-12,"Up"
"hsa-miR-106b-3p",612.37889246662,1.13485214336031,0.159182317036086,7.12926011186936,1.00909880375968e-12,7.00216121145438e-12,"Up"
"hsa-miR-99a-5p",174590.664812189,-1.25791290775688,0.176628665972415,-7.12179362750402,1.06531489545472e-12,7.23173945689851e-12,"Down"
"hsa-miR-128-3p",2316.22600580154,1.01862091549265,0.143034642237102,7.12149797812012,1.0676030129692e-12,7.23173945689851e-12,"Up"
"hsa-miR-423-3p",16978.9633502969,0.742253736535109,0.104391687825153,7.11027622983089,1.15810929430358e-12,7.75251986422044e-12,"NS"
"hsa-miR-195-5p",4794.53493451945,-1.31338188411526,0.186924879019334,-7.0262550978001,2.12150438926979e-12,1.40364650871455e-11,"Down"
"hsa-miR-190b",143.633147371421,2.39699951153939,0.342213037058975,7.00440734853214,2.48033494973664e-12,1.62219607632201e-11,"Up"
"hsa-miR-616-5p",34.9415950099106,1.37441485208903,0.196859928621773,6.98168927374597,2.91651633018358e-12,1.88579294531188e-11,"Up"
"hsa-miR-98-5p",9255.94943526174,1.1203458052796,0.160752816247168,6.96936969089854,3.18364099069601e-12,2.03538395922026e-11,"Up"
"hsa-miR-1292-5p",18.5658375029301,1.40123989579339,0.201571942957917,6.95156218286753,3.61263104516964e-12,2.28398562744614e-11,"Up"
"hsa-miR-378a-3p",23714.6958786336,-1.31533305211314,0.190723596740626,-6.89654072485813,5.32840952034347e-12,3.331719798984e-11,"Down"
"hsa-miR-574-5p",1396.49782859414,1.27075923551246,0.185542673225584,6.84887855403194,7.44311490368741e-12,4.60340476108493e-11,"Up"
"hsa-miR-148b-5p",195.058354552595,1.14803612749475,0.167738956261983,6.84418308709212,7.69135026397504e-12,4.70578311849656e-11,"Up"
"hsa-miR-766-3p",189.708110173455,1.16865866613762,0.170891975660666,6.83858128282266,7.99812793566125e-12,4.84141999509708e-11,"Up"
"hsa-miR-942-3p",13.1325264739676,1.67392436945436,0.245411473365486,6.82088879749082,9.04789613031729e-12,5.41921357700056e-11,"Up"
"hsa-miR-31-5p",1323.0399579645,2.7308059302924,0.400547609725466,6.817681254331,9.25216363050776e-12,5.48383448516554e-11,"Up"
"hsa-miR-3117-3p",21.5091566693182,1.89852577778971,0.279733490486089,6.78690912014383,1.1456132098199e-11,6.72014346791262e-11,"Up"
"hsa-miR-5589-3p",29.9842879874011,-2.10035642488162,0.310334889910432,-6.76803186869455,1.3054600594533e-11,7.57966095743805e-11,"Down"
"hsa-miR-330-5p",125.40620386641,1.23088283334433,0.182062625959003,6.76076612023325,1.37263951995766e-11,7.88921097834248e-11,"Up"
"hsa-let-7c-3p",14.1939078540284,-1.40763631553874,0.210504388307485,-6.6869689836708,2.27840143273125e-11,1.29641041522408e-10,"Down"
"hsa-miR-130b-5p",283.451195610311,1.33356788323422,0.199956012645258,6.66930624186882,2.57015449443174e-11,1.44793852211055e-10,"Up"
"hsa-miR-129-5p",40.5683725497961,2.90367524430134,0.43805930179378,6.62849808784169,3.39119515725014e-11,1.89175494556405e-10,"Up"
"hsa-miR-5589-5p",62.6297524847054,-2.27615614316566,0.344561758368023,-6.60594534328596,3.94988608732722e-11,2.18202445018368e-10,"Down"
"hsa-miR-378c",285.745238573734,-1.16931987827316,0.177944501652157,-6.57126164290778,4.98907022785834e-11,2.72959707658788e-10,"Down"
"hsa-miR-551b-3p",49.3596220012111,2.44618452683026,0.37286616609001,6.56048939082273,5.36314705395664e-11,2.9063149273346e-10,"Up"
"hsa-miR-9-5p",1411.85657728674,2.38139278010415,0.364009864806934,6.54211055891909,6.06566325125415e-11,3.25600225468265e-10,"Up"
"hsa-miR-92b-3p",3101.33671056548,1.62844184218458,0.250949060546937,6.48913304809923,8.63317032942388e-11,4.590910203217e-10,"Up"
"hsa-let-7c-5p",20595.4860601308,-1.11928178019168,0.172591845210453,-6.48513710961753,8.86511287744565e-11,4.67060113635794e-10,"Down"
"hsa-miR-20b-5p",215.881031897368,1.5779095266854,0.246414240356858,6.40348351783674,1.51871257359942e-10,7.9279582970465e-10,"Up"
"hsa-miR-652-3p",8368.7268690222,0.913577255558072,0.143052012442191,6.38632927954969,1.6991492744779e-10,8.78923579252658e-10,"NS"
"hsa-miR-145-3p",654.904879699908,-1.09931593209138,0.172455235701646,-6.37450018620041,1.83560593216718e-10,9.40954752615427e-10,"Down"
"hsa-miR-1295a",14.4548485007667,1.93401305085087,0.303899191685067,6.36399537664812,1.96572059101599e-10,9.98656264542947e-10,"Up"
"hsa-miR-92b-5p",23.9630226088445,2.36956878053132,0.373885810868328,6.3376804137823,2.33250010561003e-10,1.174506690347e-09,"Up"
"hsa-miR-3529-3p",158.451793953146,1.50404359269899,0.237867683465874,6.32302619163807,2.56489805342496e-10,1.2801991161393e-09,"Up"
"hsa-miR-324-5p",395.115340603665,0.866677038635372,0.138220503145292,6.27024948479859,3.6047006699075e-10,1.7835432010238e-09,"NS"
"hsa-miR-135b-5p",1014.75567696832,2.19349832566266,0.350102062095977,6.26531107109371,3.72081877747375e-10,1.82512576239876e-09,"Up"
"hsa-miR-652-5p",18.130897191967,1.41873817657629,0.226603247710102,6.26089074588779,3.82784645537855e-10,1.86157660949607e-09,"Up"
"hsa-miR-7704",150.557557385209,-1.72245454080739,0.277012419532097,-6.21796865179114,5.03632142100698e-10,2.42853126148557e-09,"Down"
"hsa-miR-30a-5p",37063.8420508458,-1.1633867715384,0.188506609524801,-6.17159671202583,6.76037585937199e-10,3.20554488665222e-09,"Down"
"hsa-miR-29c-3p",5372.01516377302,-0.960667465876866,0.155642167144655,-6.1722827656596,6.73109773104429e-10,3.20554488665222e-09,"NS"
"hsa-miR-378a-5p",644.574793333633,-1.11953028898768,0.182130542764542,-6.14685638111233,7.90336285495526e-10,3.71654005328061e-09,"Down"
"hsa-miR-323a-3p",108.88223385233,1.94348819718011,0.316943329146935,6.1319738213487,8.6795388760254e-10,4.04808001676922e-09,"Up"
"hsa-miR-483-3p",1694.46823366955,2.89602309234026,0.472400204709178,6.13044419428889,8.76340528384768e-10,4.05396553374742e-09,"Up"
"hsa-miR-21-3p",10016.8333691976,1.09982643289146,0.182623619376352,6.02236685839047,1.71884750039179e-09,7.88729215905589e-09,"Up"
"hsa-miR-30e-3p",3393.30149055565,-0.80688267173507,0.134471217598476,-6.0004117323038,1.96817819067308e-09,8.95914712394386e-09,"NS"
"hsa-miR-2277-3p",18.7107550316294,1.03378910669025,0.172340128768489,5.99853971374811,1.99099830623951e-09,8.99109552579587e-09,"Up"
"hsa-miR-17-5p",3363.17602192441,0.991303174219717,0.165617403917308,5.98550122615537,2.15724497194076e-09,9.66513692152985e-09,"NS"
"hsa-miR-3679-5p",9.44517733138317,1.14903018466798,0.193355249860332,5.94258591632742,2.80560519469427e-09,1.24717918420394e-08,"Up"
"hsa-miR-151a-3p",18931.458554549,0.814090459479002,0.137025481543668,5.94116109141029,2.83010330438733e-09,1.24831688387317e-08,"NS"
"hsa-miR-30a-3p",2068.08355493421,-1.02533942794684,0.172650235555261,-5.93882437894881,2.87073183107497e-09,1.25649723990897e-08,"Down"
"hsa-miR-148b-3p",4988.35649844517,0.745343966097009,0.125655492867762,5.93164651290971,2.99911768202386e-09,1.30267019929128e-08,"NS"
"hsa-miR-5001-3p",12.8500977820959,1.22909820138027,0.208043883259998,5.90787954022295,3.46539257506812e-09,1.49379422364679e-08,"Up"
"hsa-miR-532-3p",279.040478078044,1.01644419921735,0.174572390119385,5.82247970897476,5.79808411022594e-09,2.46601694838031e-08,"Up"
"hsa-miR-188-5p",63.8819224558781,1.15420996173715,0.198242624621676,5.82220884100899,5.80749158318034e-09,2.46601694838031e-08,"Up"
"hsa-miR-1303",127.949706530457,1.21788517278208,0.210762847269469,5.77846232654546,7.53864191232577e-09,3.17739796156545e-08,"Up"
"hsa-miR-125b-2-3p",1621.68700120399,-0.983060252919709,0.171501622924659,-5.73207551132954,9.92090843290308e-09,4.15073301347195e-08,"NS"
"hsa-miR-197-3p",1265.18383998926,0.845542915562111,0.147845547310275,5.71909625243984,1.07092120585492e-08,4.44784062869669e-08,"NS"
"hsa-miR-214-3p",2446.51578479531,-1.24089319603032,0.217877674686672,-5.69536643813935,1.23107226122166e-08,5.07594287416756e-08,"Down"
"hsa-miR-3064-5p",7.54522667959999,0.999185178471083,0.175685193013302,5.68736136115596,1.29017265877132e-08,5.2221054560229e-08,"NS"
"hsa-miR-25-5p",53.8369415783233,1.3284760455528,0.233564242278756,5.68784002461853,1.28656257362664e-08,5.2221054560229e-08,"Up"
"hsa-miR-4484",30.8407540679912,-1.49034317845487,0.262068397061498,-5.6868481479098,1.29405425184399e-08,5.2221054560229e-08,"Down"
"hsa-miR-548ap-5p",37.2027062016946,1.44229032282404,0.254608512494214,5.66473724187369,1.47250002572203e-08,5.90036982137913e-08,"Up"
"hsa-miR-199a-5p",8347.69419966644,-1.34515307313104,0.237523750943662,-5.6632360670748,1.48544578026e-08,5.91061992285272e-08,"Down"
"hsa-miR-3909",94.0439019931002,1.19724830974443,0.211771155010209,5.65350040087714,1.57212744809419e-08,6.21208693031663e-08,"Up"
"hsa-miR-497-5p",6881.21907072454,-0.875983560943277,0.155694458189987,-5.6262989134421,1.84117189255686e-08,7.22501246113694e-08,"NS"
"hsa-miR-570-3p",21.4654561765827,1.45086012447274,0.258703383036793,5.60819927223913,2.04442556775285e-08,7.96765854829705e-08,"Up"
"hsa-miR-769-5p",668.116065134525,0.714773202819986,0.127799083109407,5.59294468652862,2.23250430930294e-08,8.64146225845834e-08,"NS"
"hsa-miR-26b-5p",89616.0649069656,-0.562783148808929,0.100963787148506,-5.57410894245817,2.48800009735194e-08,9.56535172563008e-08,"NS"
"hsa-miR-151a-5p",19059.8778117794,0.818509403400788,0.147304732578848,5.55657234544494,2.75123719523462e-08,1.0506402443547e-07,"NS"
"hsa-miR-191-5p",149386.93906344,0.674600158633676,0.121444757021761,5.55479030282714,2.7794522614973e-08,1.05433889119464e-07,"NS"
"hsa-miR-212-3p",210.877161074637,0.917792627279015,0.16569693981524,5.53898357026023,3.04232180745614e-08,1.1464113300944e-07,"NS"
"hsa-miR-455-3p",7368.01016930906,-0.840515388379961,0.151863937968001,-5.53466082617366,3.11831189158541e-08,1.16731543836322e-07,"NS"
"hsa-miR-24-1-5p",18.0391981369693,-0.800300714355052,0.145234838800259,-5.51039076413133,3.58037951121713e-08,1.33152675940036e-07,"NS"
"hsa-miR-16-2-3p",192.59526073866,0.848864934502756,0.154347402093819,5.49970341571918,3.80430598931862e-08,1.40561695319629e-07,"NS"
"hsa-miR-15b-5p",4705.45002468304,1.08675002812615,0.197950441774148,5.49001062279053,4.0190956979137e-08,1.47539706587929e-07,"Up"
"hsa-miR-539-3p",102.546258980813,1.99847796776169,0.368097152245323,5.42921333558643,5.66029908313279e-08,2.0645578066042e-07,"Up"
"hsa-miR-339-3p",530.457672399798,0.682260163319247,0.126199517228165,5.40620264090027,6.4374961662465e-08,2.31831349278118e-07,"NS"
"hsa-miR-6500-3p",13.584912567907,1.33063296580207,0.246109856408199,5.40666263928527,6.42099220555707e-08,2.31831349278118e-07,"Up"
"hsa-miR-629-3p",27.7568172166707,1.10187592487509,0.204738747278101,5.38186317697057,7.37187908357197e-08,2.63811270349211e-07,"Up"
"hsa-miR-579-3p",8.31689989408502,1.0498132225991,0.195974925437202,5.35687522399646,8.46735517031189e-08,3.01120318244217e-07,"Up"
"hsa-miR-425-3p",317.3974973297,0.672563116154794,0.12610677137576,5.33328312839568,9.64527427677582e-08,3.40879569160586e-07,"NS"
"hsa-miR-22-3p",218959.77780564,-0.661558084453642,0.124181666202623,-5.32734102129216,9.96609424324851e-08,3.50043680519037e-07,"NS"
"hsa-miR-331-5p",26.1881616546861,0.872650868306427,0.164666863374769,5.29949286955411,1.16124770995683e-07,4.05368065622966e-07,"NS"
"hsa-miR-195-3p",120.573347857087,-1.03042095812468,0.194764052554265,-5.29061161241539,1.2190799933217e-07,4.22961290365884e-07,"Down"
"hsa-miR-33a-5p",1423.18909539262,1.10621466896176,0.211575899702839,5.22845310130055,1.70934180621886e-07,5.89463931962745e-07,"Up"
"hsa-miR-542-3p",102.958464809829,-0.831641905233373,0.159928147578009,-5.20009715505344,1.99184382313078e-07,6.81004345955224e-07,"NS"
"hsa-miR-548o-3p",44.6021574131897,1.52005302093466,0.292348490963066,5.19945567677547,1.99872980271568e-07,6.81004345955224e-07,"Up"
"hsa-miR-511-3p",51.9377930139493,-1.03580061615008,0.19947154308731,-5.19272373451636,2.07239592159351e-07,7.01900761539706e-07,"Down"
"hsa-miR-3130-5p",18.0658955724918,0.905252435162367,0.175662944968528,5.15334884841282,2.55875328899703e-07,8.61497409135686e-07,"NS"
"hsa-miR-106a-5p",59.8263832189769,1.32942365420053,0.258509883741836,5.1426414919136,2.70902273794537e-07,9.06725845818186e-07,"Up"
"hsa-miR-493-5p",634.396208157525,1.67985254819379,0.32683227583254,5.13980005161577,2.75030976817374e-07,9.151615544391e-07,"Up"
"hsa-miR-450a-5p",351.940436379215,-0.803366310052211,0.156638517696634,-5.12879157608035,2.91607973417061e-07,9.646798655483e-07,"NS"
"hsa-miR-95-3p",526.533787288164,1.08736472151081,0.212718092831346,5.1117641524406,3.19164139267618e-07,1.04973638868945e-06,"Up"
"hsa-miR-2278",8.57136082299494,0.821958108901921,0.162404808147969,5.06116855944944,4.16694612470651e-07,1.3626392787115e-06,"NS"
"hsa-miR-127-3p",18043.4472517356,1.52847136976705,0.304387172825505,5.02147102842361,5.12772391632018e-07,1.66724280479211e-06,"Up"
"hsa-miR-431-5p",112.613542276886,1.53877572246083,0.306507697220346,5.02034936288931,5.15775853390496e-07,1.6674798896545e-06,"Up"
"hsa-miR-10a-3p",71.1639046602548,-0.901814954664078,0.181157512781325,-4.97807096608052,6.42211111867295e-07,2.0645091675282e-06,"NS"
"hsa-miR-1908-5p",27.2679159818539,1.61293220388606,0.32561543830419,4.95348811557041,7.2894812363826e-07,2.31715911927469e-06,"Up"
"hsa-miR-149-5p",394.994204776448,1.22793110394792,0.247841008836865,4.95451140112239,7.25122651059793e-07,2.31715911927469e-06,"Up"
"hsa-miR-5590-3p",23.1134834569329,-1.14169886524449,0.230679380193602,-4.94928876731983,7.44851669111343e-07,2.35455888735752e-06,"Down"
"hsa-miR-330-3p",75.3191066699547,0.745327246232992,0.151894821195165,4.90686410746911,9.25441050680354e-07,2.90925943556421e-06,"NS"
"hsa-miR-185-5p",3090.9152265792,0.625548130638077,0.127666975480726,4.89984295690091,9.59132891900988e-07,2.99860777742672e-06,"NS"
"hsa-miR-628-3p",58.2745301226791,0.741898793615359,0.151714806459884,4.89008825787568,1.0079077612672e-06,3.133877137492e-06,"NS"
"hsa-miR-548b-3p",53.8753440168369,1.23997436309311,0.254904438581889,4.86446752356086,1.14765348627315e-06,3.54899366135556e-06,"Up"
"hsa-miR-4772-3p",16.6197398084026,-0.908380690217294,0.188054551868423,-4.83041054413224,1.36251819562974e-06,4.19066407196389e-06,"NS"
"hsa-miR-940",67.6892492850974,0.862955791896142,0.178698106899368,4.82912665875139,1.37133164860249e-06,4.19509520459578e-06,"NS"
"hsa-miR-1270",14.401839403029,1.39341355935151,0.293361523905034,4.74981702032125,2.03600788049471e-06,6.19512558289568e-06,"Up"
"hsa-miR-487a-3p",90.7271025425686,1.58542488108217,0.33419628018952,4.74399320119031,2.09545884370748e-06,6.34210681951892e-06,"Up"
"hsa-miR-6503-5p",15.7040804292194,-0.725138116216624,0.154214016242743,-4.7021544077758,2.57430701652756e-06,7.75016239367293e-06,"NS"
"hsa-miR-30c-1-3p",119.124744313089,-0.822226697758437,0.17510057151632,-4.69573965771895,2.65643705075022e-06,7.95532990461514e-06,"NS"
"hsa-miR-363-3p",947.289981070563,1.03680745187526,0.221740139030102,4.67577704429288,2.92842633655064e-06,8.72395070941003e-06,"Up"
"hsa-miR-496",16.4256553145065,1.40048443531019,0.299691857921814,4.67308136104104,2.96714156532198e-06,8.79324765973026e-06,"Up"
"hsa-let-7d-5p",10880.8224951111,0.661588684983117,0.141837563737274,4.66441094693771,3.09502325988028e-06,9.12470588016517e-06,"NS"
"hsa-miR-98-3p",55.2585797424474,0.795309488225536,0.172084845359969,4.62161259210188,3.8076858287791e-06,1.1167903281316e-05,"NS"
"hsa-miR-550a-3-5p",27.0009275188715,0.987399454554047,0.213959890475188,4.61488109926169,3.93320425363696e-06,1.14768883093304e-05,"NS"
"hsa-miR-378h",31.6718009788107,-1.2932013582468,0.28097037815594,-4.60262525442829,4.17198503741676e-06,1.21115279912762e-05,"Down"
"hsa-miR-99b-3p",276.723636614044,0.823603459253556,0.179160538458346,4.5970137528083,4.28589339826325e-06,1.23165320384434e-05,"NS"
"hsa-miR-487a-5p",43.675310205799,1.58569860634904,0.344920920715544,4.59728161185318,4.28038903295333e-06,1.23165320384434e-05,"Up"
"hsa-miR-642a-5p",24.479384129875,1.31609543763499,0.28730656623161,4.58080528717898,4.63188937302473e-06,1.32439449912114e-05,"Up"
"hsa-miR-100-5p",84257.9727912317,-0.99310740862126,0.216988404955217,-4.57677638962423,4.72195717270536e-06,1.34339681563468e-05,"NS"
"hsa-miR-502-3p",311.815350955773,0.807978301885121,0.176783825728085,4.5704311384679,4.8672183881534e-06,1.37783445913397e-05,"NS"
"hsa-miR-133a-3p",181.47693382074,-1.05914602529264,0.23331570465919,-4.53954022014833,5.63770262257108e-06,1.58804593675393e-05,"Down"
"hsa-miR-212-5p",24.9357431344784,1.55216679383431,0.342528557821553,4.53149601220388,5.85674429646783e-06,1.64161946043852e-05,"Up"
"hsa-miR-548ae-5p",39.8136879775079,0.908300940849967,0.201509613588239,4.50748192444046,6.5601517349788e-06,1.82976781235438e-05,"NS"
"hsa-miR-369-5p",1007.23013880452,1.28027450164164,0.284786548278878,4.49555819746066,6.93876760995749e-06,1.92593110734918e-05,"Up"
"hsa-miR-410-3p",721.105946782462,1.28372037623386,0.286136109138949,4.48639768010015,7.2437479945067e-06,2.00082165479335e-05,"Up"
"hsa-miR-130a-3p",2865.47823587852,-0.83234093714929,0.187276174752751,-4.44445716732617,8.8114059883348e-06,2.42207246732488e-05,"NS"
"hsa-miR-187-3p",239.653325237466,1.41846319911469,0.320398269919676,4.42718744851617,9.54697628830191e-06,2.61164880194413e-05,"Up"
"hsa-miR-24-2-5p",89.9340928603084,0.696637587370043,0.158933321228399,4.38320663021269,1.16945096068057e-05,3.183816251805e-05,"NS"
"hsa-miR-542-5p",350.059157141198,-0.711491928443386,0.162599896641111,-4.37572189860478,1.21031245193926e-05,3.26838503296892e-05,"NS"
"hsa-miR-150-3p",17.5844058078,-1.04456968947461,0.238735998243608,-4.37541760421368,1.21200218270025e-05,3.26838503296892e-05,"Down"
"hsa-miR-450b-5p",300.616383681341,-0.735058165611875,0.169248943345256,-4.34305911211751,1.40512306799915e-05,3.77129729099773e-05,"NS"
"hsa-miR-3614-5p",14.5309628083032,-0.910989101102427,0.210972571900343,-4.3180451984666,1.57417198725253e-05,4.20518244482013e-05,"NS"
"hsa-miR-26a-5p",438899.397518093,-0.489083512543319,0.114011191051937,-4.28978513451824,1.78846062992748e-05,4.75529952536792e-05,"NS"
"hsa-miR-494-3p",138.512620264026,1.50444843408513,0.351403518399894,4.28125603561283,1.85841387722813e-05,4.91831393554793e-05,"Up"
"hsa-miR-708-5p",163.409105002805,1.42153658600233,0.332869190860254,4.27055619755186,1.9498607890129e-05,5.1364388377238e-05,"Up"
"hsa-miR-3120-5p",29.0746076917885,-1.0969592140761,0.258962461773556,-4.23597770334493,2.27559358643404e-05,5.96687903539616e-05,"Down"
"hsa-miR-100-3p",36.8786762275146,-0.868087615608128,0.20539170223899,-4.22649798480191,2.37356396599028e-05,6.19521970939664e-05,"NS"
"hsa-miR-493-3p",284.468515334564,1.39793162633844,0.330915164218669,4.22444111813108,2.395344669322e-05,6.22352108148045e-05,"Up"
"hsa-miR-362-3p",48.9728147576652,0.746681645287874,0.181170898769716,4.12142154373795,3.76541707166107e-05,9.73873778988705e-05,"NS"
"hsa-miR-324-3p",447.581456665366,0.565799242226887,0.137396629018621,4.11799944633435,3.82175614211066e-05,9.83972508986863e-05,"NS"
"hsa-miR-3605-5p",17.6186515499663,0.596681567791615,0.145265176835647,4.10753341433439,3.99906937708764e-05,0.000102498670070399,"NS"
"hsa-miR-214-5p",119.20367612987,-0.961846569840323,0.234339357991286,-4.10450288028906,4.05185223751058e-05,0.000103385826149934,"NS"
"hsa-miR-424-3p",1076.36466556328,-0.633671469134168,0.15577163432579,-4.06795160028219,4.74282291454592e-05,0.000120476171356099,"NS"
"hsa-miR-511-5p",124.501541831629,-0.843193092582808,0.207391357386911,-4.06570988881538,4.78864750403302e-05,0.000121099574657546,"NS"
"hsa-miR-641",54.9077451346311,0.719938694652065,0.177254735546187,4.06160485604894,4.87365191164952e-05,0.000122703891049937,"NS"
"hsa-miR-548ar-5p",11.5873800507502,0.706557708923932,0.174489226710864,4.04929130722052,5.13729659801645e-05,0.000128771883888606,"NS"
"hsa-let-7g-3p",96.8515837787595,-0.604891889761923,0.149805935627499,-4.03783659991965,5.39464069102926e-05,0.000134629410227879,"NS"
"hsa-miR-654-5p",75.0439487186351,1.31748631675967,0.326780661234611,4.03171445881182,5.53714369461517e-05,0.000137582304027774,"Up"
"hsa-miR-484",4439.37631980282,0.557376648899448,0.139244802874045,4.00285423509577,6.25828633670394e-05,0.000154824561981937,"NS"
"hsa-miR-122-3p",8257.69822528512,-0.903181470359282,0.227097966091314,-3.9770566240832,6.97735547533257e-05,0.000171866461708408,"NS"
"hsa-miR-33b-3p",36.4116314374099,-0.929331640213524,0.235779903063807,-3.9415218521064,8.09662570186131e-05,0.000198576725187892,"NS"
"hsa-miR-579-5p",21.533483570716,0.716851854091761,0.182772870818705,3.92209112260876,8.77837789580703e-05,0.000214373262777434,"NS"
"hsa-miR-1343-3p",17.9672306612676,0.816891147252825,0.209463598788151,3.89991937491258,9.6224726301424e-05,0.000233982347288505,"NS"
"hsa-miR-382-5p",125.395178721456,1.14228745214042,0.294477656405661,3.87902928216343,0.000104874131354231,0.000253929279747054,"Up"
"hsa-miR-361-5p",1691.382164823,0.270106106413205,0.0699312953941972,3.86244963561219,0.000112255712932974,0.000270650426520602,"NS"
"hsa-miR-655-3p",35.3707154463326,1.40156004124176,0.363752133982942,3.8530634195743,0.000116649161225491,0.000280056425051917,"Up"
"hsa-let-7b-3p",207.346407390697,-0.679238719035274,0.176368735821086,-3.85124220499212,0.000117520197919579,0.000280962153849749,"NS"
"hsa-miR-148a-3p",235260.55684986,-0.614379650580645,0.159681231578152,-3.84753827678208,0.000119310641047137,0.000284049183078749,"NS"
"hsa-miR-382-3p",72.5792173689796,1.02202225071083,0.26700118101219,3.82778176050154,0.000129303326141453,0.000306556635727028,"Up"
"hsa-miR-186-5p",14185.5258278993,0.408183151254282,0.106742844421174,3.82398608045067,0.000131311331394105,0.000310025508561186,"NS"
"hsa-miR-451a",214296.952525444,-0.918334974117404,0.240526337516384,-3.81802252343717,0.000134525646354593,0.000316302036263485,"NS"
"hsa-miR-143-3p",345456.023539282,-0.569644359460821,0.14924684964077,-3.81679319082397,0.000135197398954184,0.000316573333353624,"NS"
"hsa-miR-433-3p",71.1651689993779,1.15030921325729,0.301506886745812,3.81520046083416,0.000136072425540337,0.000317316434969064,"Up"
"hsa-miR-6511a-3p",12.3383053792259,0.63660970845863,0.167041593164257,3.81108499026727,0.000138358184094907,0.000321329823469395,"NS"
"hsa-miR-199b-5p",423.063981328349,1.29983637612473,0.341689261299884,3.80414757894287,0.000142293333326597,0.000329125636840788,"Up"
"hsa-miR-154-3p",41.3857538511484,1.39547467020837,0.372595916521144,3.74527633914416,0.000180195320636135,0.000415105819603079,"Up"
"hsa-miR-409-3p",1274.09300368532,1.05568761036934,0.283239304706957,3.72719319962168,0.000193624035971897,0.000444242243822617,"Up"
"hsa-miR-148a-5p",2122.1254493703,-0.698588324333095,0.187510663311045,-3.72559251829997,0.000194856965166254,0.000445275554938146,"NS"
"hsa-miR-1285-3p",35.5646648317849,0.598957734745698,0.161144305753397,3.71690288369418,0.000201679922553694,0.000459023503732208,"NS"
"hsa-miR-550b-3p",15.582390645491,1.11668950087574,0.301015046485162,3.70974645259396,0.000207466914194239,0.00047031344293435,"Up"
"hsa-miR-127-5p",41.6202058647149,1.08652436431799,0.293083948663924,3.70721211199422,0.000209553421516518,0.000473158320805154,"Up"
"hsa-miR-224-3p",26.7340226037357,1.01922987082795,0.27509578517844,3.70499995180527,0.000211390772887737,0.000475420354834477,"Up"
"hsa-miR-582-3p",183.972759452081,0.81075470585235,0.221097644862092,3.66695315256773,0.000245457742874692,0.000549863998801968,"NS"
"hsa-miR-4488",274.922010807931,1.13234894705753,0.308995208182728,3.66461652825341,0.000247709441317429,0.000552732047488694,"Up"
"hsa-miR-199b-3p",14011.2370812743,-1.15683398471384,0.316005768109047,-3.66080021778161,0.00025142875537613,0.000558839694566477,"Down"
"hsa-miR-378i",6234.89879736142,-1.92151997848546,0.525404809868818,-3.65721809620515,0.000254967428341332,0.000564499870530032,"Down"
"hsa-miR-7705",41.0731704651508,0.537276899115218,0.14728062379663,3.64798087667736,0.000264309305589545,0.000582914708838959,"NS"
"hsa-miR-142-5p",13231.9508933299,-0.64694052415505,0.177431131436131,-3.64615002406118,0.000266198601477483,0.000584814688187984,"NS"
"hsa-miR-543",60.6456504736214,1.06603764662188,0.292670580506892,3.64244894302513,0.000270056553666275,0.000591008380908117,"Up"
"hsa-miR-548ad-5p",40.1960612139584,0.804081030868409,0.221526622671135,3.62972640115631,0.000283721787594873,0.000618535238089973,"NS"
"hsa-miR-675-5p",568.010245965784,1.26054259021808,0.350009810073107,3.60144931353436,0.000316448124500124,0.000687248026109049,"Up"
"hsa-miR-582-5p",542.043692835601,0.712621554490492,0.200846650236159,3.5480878254757,0.00038803880857122,0.000839521224627469,"NS"
"hsa-miR-663b",103.367514027627,-1.4169076624518,0.400132155016197,-3.5410992210672,0.00039846370380118,0.000858810028268453,"Down"
"hsa-miR-4521",10.5458714739225,-0.779721239594203,0.220426104244718,-3.53733620736931,0.000404184796762354,0.000867853393802942,"NS"
"hsa-miR-5590-5p",23.8572307013252,-0.794869168161671,0.22502769056171,-3.532317139182,0.000411935010973406,0.000881169252796497,"NS"
"hsa-miR-487b-3p",506.387319683532,0.93302368846722,0.266701103376741,3.49838705822388,0.000468081290813635,0.000997521552333178,"NS"
"hsa-miR-218-5p",1972.34233703511,0.733172118250851,0.210184667076796,3.48822836816621,0.000486232591328687,0.0010323371062165,"NS"
"hsa-miR-199a-3p",16152.5257249675,-1.10688438371538,0.31798599301662,-3.48092182682249,0.000499691307347897,0.00105696785829351,"Down"
"hsa-let-7i-5p",45432.0510229218,0.495301463951834,0.142367131229616,3.47904365055295,0.000503206614361112,0.00106046134656101,"NS"
"hsa-miR-485-3p",33.5038259200115,1.19226794737521,0.342923028551366,3.47678005881316,0.000507473924471012,0.0010655079816384,"Up"
"hsa-miR-660-3p",10.0931306337079,0.566398995487013,0.163236461919724,3.46980686070956,0.000520832740868491,0.00108953613806681,"NS"
"hsa-miR-379-5p",959.501726404404,1.03684746479871,0.299357682095048,3.46357393450657,0.000533050084151689,0.00111100914975206,"Up"
"hsa-miR-361-3p",427.597248774346,0.687741688499013,0.200045941703772,3.43791872327718,0.000586203620641806,0.00121733525600433,"NS"
"hsa-miR-34a-3p",59.2194904429413,0.578213806282037,0.169250374082813,3.41632217603916,0.00063473103560113,0.00131331621548016,"NS"
"hsa-miR-338-3p",241.65380843137,-0.47486732639758,0.139132011355104,-3.4130702328854,0.000642353854612421,0.00132427298287851,"NS"
"hsa-miR-29c-5p",989.645682500667,-0.550827254472076,0.162414869898556,-3.39148290311177,0.00069515500059398,0.0014279537737833,"NS"
"hsa-miR-145-5p",3289.96571764626,-0.869696002695303,0.258507609607859,-3.36429555793186,0.000767393150043048,0.00157067159127516,"NS"
"hsa-miR-887-3p",132.978567617654,0.633379072939068,0.189876784622351,3.33573730036985,0.000850735128288509,0.00173501178493248,"NS"
"hsa-miR-299-3p",75.3358656158111,1.03015774366488,0.309153791173385,3.33218538176402,0.000861668372131892,0.00175103322765374,"Up"
"hsa-miR-125b-1-3p",120.071973636467,-0.684217197437731,0.20676780033009,-3.30910904089238,0.000935933783883745,0.00189518264423434,"NS"
"hsa-miR-124-3p",459.01498196336,1.73612678123613,0.525657445520616,3.30277216851111,0.000957341346011663,0.00193165682936396,"Up"
"hsa-miR-194-3p",312.354361379061,-0.674273179326094,0.204743942402463,-3.29325093291738,0.00099036043236489,0.00199121938521421,"NS"
"hsa-miR-23b-3p",41485.4733157035,-0.442839470421317,0.134734565694804,-3.286754725023,0.00101349066419438,0.00203054995748804,"NS"
"hsa-miR-4802-5p",19.8116889362243,0.500149640070494,0.153487136415825,3.25857691888586,0.00111972517311581,0.00223552148597507,"NS"
"hsa-miR-191-3p",18.2408202764789,0.663377100331097,0.204396418935291,3.24554169680005,0.00117227395594722,0.00233225133193694,"NS"
"hsa-miR-3173-5p",12.2293460223382,0.822195916188298,0.253715169768604,3.24062576525544,0.0011926764822844,0.00236457462864051,"NS"
"hsa-miR-132-3p",299.228345271917,0.615103328372934,0.190429948561741,3.23007663982804,0.00123757038917914,0.00244506094251018,"NS"
"hsa-miR-889-3p",314.824806258917,0.942999230830429,0.292846708170842,3.22011210821021,0.00128140474587838,0.00251662120325544,"NS"
"hsa-miR-320d",251.525109435142,0.641848662696682,0.199341993434521,3.2198366818656,0.00128263646563107,0.00251662120325544,"NS"
"hsa-miR-3120-3p",436.252238206937,-0.754783650443161,0.235856277507649,-3.20018469900036,0.00137339545862667,0.00268543648095731,"NS"
"hsa-miR-489-3p",30.3741494264039,0.79527009656062,0.249822136322592,3.18334519217183,0.00145583939170278,0.00283689251328384,"NS"
"hsa-miR-1287-5p",75.2607353503264,0.559185988147625,0.175873475609899,3.17947880547914,0.00147540158625849,0.00286519966751221,"NS"
"hsa-miR-374b-3p",99.5718097685922,0.363649520210791,0.114457601867258,3.17715480910156,0.00148727623050303,0.00287843596991913,"NS"
"hsa-miR-193b-5p",92.0560352671935,-0.687272293747268,0.217599653941434,-3.15842549056739,0.00158623852274547,0.00305955837099042,"NS"
"hsa-miR-455-5p",2290.44017782336,-0.43935515815151,0.139514984730905,-3.14916106681252,0.00163739921766927,0.00314756809072234,"NS"
"hsa-miR-335-5p",916.097732317124,-0.512686339667173,0.162972717268162,-3.14584151421847,0.00165609720412557,0.00317279228669174,"NS"
"hsa-miR-193a-3p",374.693406090812,0.543677834044738,0.173338592336225,3.13650772581656,0.00170972932152891,0.00326455028171123,"NS"
"hsa-miR-20a-5p",5620.48473993558,0.551684967676415,0.178015258865269,3.0990880848813,0.00194117297854473,0.00369407165482258,"NS"
"hsa-miR-150-5p",11886.4536005777,-0.778548455503836,0.251769554996079,-3.092305801295,0.00198608136028597,0.0037669343133424,"NS"
"hsa-miR-190a-5p",193.482806756076,0.666971179950655,0.216373868896471,3.08249412626522,0.00205273781505633,0.00387472629528501,"NS"
"hsa-miR-339-5p",300.996511356704,0.69923681460397,0.226954191997143,3.08096011997333,0.00206334282508148,0.00387472629528501,"NS"
"hsa-miR-26b-3p",128.472928135434,-0.6327719823144,0.205335280388053,-3.08165251056008,0.00205854992946852,0.00387472629528501,"NS"
"hsa-miR-126-3p",145351.565521953,-0.44028973448255,0.143034513236838,-3.07820626308222,0.00208250719315424,0.00389785063455515,"NS"
"hsa-miR-30c-5p",7359.88420229822,-0.440360067605975,0.143885893475371,-3.06048116997204,0.00220981655675782,0.0041225758058859,"NS"
"hsa-miR-345-5p",2391.81775875604,0.537572430421193,0.176438183259964,3.04680325136387,0.00231289045552423,0.00430076689278852,"NS"
"hsa-miR-144-5p",474.175859396823,-0.779675743988847,0.256206591718079,-3.04315255419648,0.00234113616191169,0.00433088809910139,"NS"
"hsa-miR-1537-3p",46.4439985848392,0.443879022351832,0.145881130193317,3.04274460832336,0.00234431201146437,0.00433088809910139,"NS"
"hsa-miR-483-5p",987.050704596348,1.30078858780917,0.429692503637455,3.02725455249433,0.00246786041964557,0.00454437727759978,"Up"
"hsa-miR-656-3p",95.7000571057631,0.930685832948248,0.308346132238988,3.01831524913343,0.00254184335061805,0.00466551247258604,"NS"
"hsa-miR-381-3p",1202.2146784649,0.829269303709811,0.274952252984955,3.01604840370298,0.00256092375311981,0.00468541998561148,"NS"
"hsa-miR-144-3p",864.45861477387,-0.780888168253864,0.25912050729189,-3.01361006280457,0.00258159381000568,0.00470809896760652,"NS"
"hsa-miR-32-3p",27.3036308506886,0.565560958136913,0.18833714706333,3.00291773001499,0.00267404708287029,0.00486112712509009,"NS"
"hsa-miR-27a-5p",155.374687021527,-0.666689055534317,0.225049603324184,-2.96240937858465,0.00305241646770177,0.00553128971376532,"NS"
"hsa-miR-320b",153.325557091495,0.454731122605064,0.153870781842111,2.95527921000408,0.00312386200563496,0.00564278565462316,"NS"
"hsa-miR-365b-5p",32.4684853147411,0.67539439862,0.230392242508374,2.93149800213196,0.00337331536006357,0.00607410265783599,"NS"
"hsa-miR-140-5p",2231.34838138142,0.306074375225203,0.104676009717435,2.92401645851258,0.00345546475855474,0.00620239573380961,"NS"
"hsa-miR-590-3p",830.003879658133,0.303526858980565,0.104487278746345,2.90491687239181,0.00367350650109608,0.00657303521737003,"NS"
"hsa-miR-548e-3p",56.1437579699708,0.453639475525545,0.156696764847177,2.89501494155269,0.00379140485423498,0.00676272527291443,"NS"
"hsa-miR-181b-5p",9520.93145580127,0.346332060586778,0.119739413439753,2.89238146937338,0.00382333417074489,0.00679836607235575,"NS"
"hsa-miR-548ap-3p",32.7671854255584,0.744827337450473,0.258451838803285,2.88188058904616,0.00395309512360065,0.00700719976737934,"NS"
"hsa-miR-34a-5p",94243.5119252998,0.486424113750979,0.169056002771599,2.87729572317025,0.00401099511241019,0.00708775223279938,"NS"
"hsa-miR-376b-3p",43.9807898684855,0.958612478497483,0.333423210758486,2.87506222592239,0.00403947879323752,0.00711598586177135,"NS"
"hsa-miR-30e-5p",16798.1832529941,-0.445135362640512,0.155786576330825,-2.85734094120685,0.00427206687940155,0.0075024878221589,"NS"
"hsa-miR-3613-5p",1254.29800956411,0.561437352009179,0.19942215398459,2.81532086977941,0.00487285540516153,0.00853124530934435,"NS"
"hsa-miR-103a-2-5p",52.6819219207812,0.537197766758151,0.191147081508229,2.81038958334828,0.00494815641612533,0.00863650613734759,"NS"
"hsa-miR-152-3p",1890.3223641183,-0.397423944852512,0.141744078201517,-2.80381339308931,0.00505021250267515,0.00876088693299438,"NS"
"hsa-miR-671-3p",154.289468349575,0.50330164021298,0.179444315164477,2.80477896305413,0.00503510956986308,0.00876088693299438,"NS"
"hsa-miR-485-5p",132.455704854079,0.813510307962631,0.290924870808498,2.7962900033326,0.00516929923895449,0.00894021661691521,"NS"
"hsa-miR-3605-3p",51.3404272803804,0.484599907648665,0.173386323145664,2.79491426345979,0.00519134809003611,0.00895114261585014,"NS"
"hsa-miR-1249-3p",41.4500837884556,0.610268888402636,0.21889673767096,2.78793048674839,0.00530459246994478,0.00911877074138544,"NS"
"hsa-miR-411-3p",37.4902356001821,0.811468574779735,0.291437293852264,2.78436765608689,0.00536322030223592,0.00919178419268746,"NS"
"hsa-let-7e-3p",172.368397950506,-0.452988559717562,0.164342606550742,-2.75636713585712,0.00584473526156774,0.0099776184542594,"NS"
"hsa-miR-377-3p",118.744796265922,0.81415721132075,0.295445634140987,2.75569213837911,0.00585680942657757,0.0099776184542594,"NS"
"hsa-miR-376b-5p",51.3755925714344,0.988882177244077,0.359578781437911,2.75011271045989,0.00595747690854134,0.0101188189879404,"NS"
"hsa-miR-200c-3p",983.047027430558,0.845446032655215,0.309520654116677,2.73146887424357,0.00630526965467251,0.0106459894169396,"NS"
"hsa-miR-125a-5p",12745.6022169188,-0.435414757579565,0.159355025139004,-2.73235661818482,0.00628830353186029,0.0106459894169396,"NS"
"hsa-miR-23b-5p",58.181091176902,-0.596265899155021,0.218982258045835,-2.72289592990779,0.00647124395340702,0.0108938988446408,"NS"
"hsa-miR-126-5p",45837.7985826272,-0.362249148432766,0.134227928094722,-2.69876137980119,0.00695980597481996,0.0116817982291226,"NS"
"hsa-miR-1287-3p",20.2076059419391,0.548904003820243,0.204327671347926,2.68639093373495,0.00722285248006789,0.0120876560622313,"NS"
"hsa-let-7a-2-3p",6.8351640062965,-0.574541825186511,0.2140101813133,-2.68464715865742,0.00726064120543827,0.0121152634776961,"NS"
"hsa-miR-122-5p",1090847.52374791,-0.570967498616428,0.213137500961064,-2.67886925595855,0.00738712317436993,0.0122902721819196,"NS"
"hsa-miR-210-5p",56.7923479069577,0.647202454237426,0.242517839969772,2.66867977348839,0.00761500142718644,0.0126324659243997,"NS"
"hsa-miR-432-5p",168.731127920553,0.789273786384771,0.296734754105894,2.65986297682915,0.00781724470369601,0.0129302681290786,"NS"
"hsa-miR-4662a-5p",194.279785597573,-0.551124151876788,0.208085133026708,-2.6485513109966,0.00808375768150297,0.0133323423790585,"NS"
"hsa-miR-935",17.2367253211992,0.59619597669373,0.226749458044156,2.62931599412084,0.00855568192205197,0.0140698931030277,"NS"
"hsa-miR-30d-5p",48617.8019060408,0.36031123884334,0.137568782364452,2.61913518932508,0.00881530047112094,0.0144550604267084,"NS"
"hsa-miR-132-5p",348.738789450439,0.429602336391743,0.164370355110914,2.61362419094281,0.00895875179674264,0.0146480740584671,"NS"
"hsa-miR-590-5p",26.828612272539,0.441476370436866,0.170178997432497,2.59418833755899,0.00948145324676714,0.0154583005656461,"NS"
"hsa-miR-6803-3p",6.81913970110365,0.375171892579577,0.147074986213974,2.5508885109379,0.010744869161548,0.0174429601975794,"NS"
"hsa-miR-153-3p",203.359182367315,0.544004601988982,0.213302030804664,2.55039579293629,0.0107600685928829,0.0174429601975794,"NS"
"hsa-miR-376c-3p",3407.16968583414,0.742856704261658,0.291615111657617,2.54738754805629,0.0108532826406442,0.0175440847230868,"NS"
"hsa-miR-219a-5p",37.3813921786201,0.65939767210058,0.260041744444001,2.53573776591312,0.0112210725619055,0.0180872246111169,"NS"
"hsa-miR-3664-3p",20.9820188130072,0.51723510506853,0.204711005498739,2.52665998004546,0.0115152929011705,0.0185090442394521,"NS"
"hsa-miR-874-5p",52.8377678996288,-0.459262061490989,0.184123804106347,-2.49431117133408,0.0126201854689511,0.0202278465685442,"NS"
"hsa-miR-3065-3p",48.2143034220791,-0.559790053914061,0.224647985953442,-2.4918543183827,0.0127078147932849,0.0203110860038739,"NS"
"hsa-miR-381-5p",12.09964111045,0.775857827239912,0.311873617995711,2.48773151196964,0.0128560747693708,0.0204407101671687,"NS"
"hsa-miR-4791",7.03755114160685,0.539114326932649,0.216720506283947,2.48760182493437,0.0128607631631747,0.0204407101671687,"NS"
"hsa-miR-204-5p",3702.83931880643,0.694148342291442,0.27971158873834,2.48165742943454,0.0130772929656923,0.0207269629456237,"NS"
"hsa-miR-486-5p",38059.1649472154,-0.620421812207097,0.251417916611836,-2.46769132672819,0.013598752714996,0.0214935841523132,"NS"
"hsa-miR-146a-5p",13490.2486801047,-0.429863654187182,0.175359087862259,-2.45133377133457,0.0142327908622875,0.022433401663827,"NS"
"hsa-miR-142-3p",2240.90257747722,-0.450864703993963,0.186132370790485,-2.42227991874378,0.0154234649500053,0.0242429601009752,"NS"
"hsa-miR-151b",17994.52548194,0.502767280606819,0.209853319135545,2.39580332909616,0.0165839860191335,0.025995283870212,"NS"
"hsa-miR-1268a",22.3197426217892,0.663559490077001,0.277671289898392,2.38973028259355,0.0168607499945142,0.0263565020518643,"NS"
"hsa-miR-141-3p",1565.96217663341,-0.586421997387171,0.246935200185954,-2.37480115004085,0.0175584065072175,0.0273718720619362,"NS"
"hsa-miR-16-5p",84463.3981773851,0.247262615227829,0.105718074441206,2.33888686049936,0.0193412896974856,0.0300688356225937,"NS"
"hsa-miR-3960",31.7254902751835,-0.482838507311172,0.207306561457371,-2.3291038350007,0.019853565579698,0.0307811411848723,"NS"
"hsa-miR-377-5p",23.915236620003,0.742584256260622,0.32078200167366,2.31491870611891,0.0206173814326998,0.0318203247945406,"NS"
"hsa-miR-27b-3p",221281.006479386,-0.255856292325583,0.110540911794292,-2.31458460195905,0.0206356763606072,0.0318203247945406,"NS"
"hsa-miR-320c",4460.09692409122,0.384577338454316,0.169008237427335,2.27549464042938,0.0228762738282767,0.0351799994818634,"NS"
"hsa-miR-5690",21.625765911727,0.396844123053901,0.174986681584476,2.2678532986656,0.0233381495931815,0.0357935501846907,"NS"
"hsa-miR-378e",8857.85221922081,-1.2792471619142,0.567948388227692,-2.252400373749,0.0242969821359299,0.0371639323530756,"Down"
"hsa-miR-654-3p",1218.12118058884,0.666865486503961,0.29955224413735,2.22620761338109,0.0260002782435543,0.0396626228433845,"NS"
"hsa-miR-495-3p",110.007502204855,0.63132712987108,0.284145509991484,2.22184446937065,0.026293818280197,0.0400031620359147,"NS"
"hsa-miR-409-5p",59.6815726002781,0.650656328305241,0.296549123466662,2.19409290676386,0.0282287311073909,0.0428323946669479,"NS"
"hsa-miR-99b-5p",32659.93141058,0.355013524841097,0.163567808009038,2.17043640287385,0.0299738015843595,0.0453592901635653,"NS"
"hsa-miR-885-3p",92.6834915929862,-0.571532983588489,0.263760676496049,-2.16686198709022,0.0302453792005936,0.0455688889988431,"NS"
"hsa-miR-32-5p",952.694915052602,0.314038602961198,0.14495158651018,2.16650683529526,0.0302724781046796,0.0455688889988431,"NS"
"hsa-miR-627-5p",12.1989324570435,0.438572667186148,0.203327775066992,2.15697371911756,0.0310077122197835,0.0465524756017331,"NS"
"hsa-miR-155-5p",4857.47661513237,0.406098411688564,0.190622753217029,2.13037743309797,0.0331404653679683,0.0496234863009841,"NS"
"hsa-miR-874-3p",737.302044537062,-0.459347239586611,0.218202067201178,-2.10514614035761,0.0352785888978713,0.0526863965430152,"NS"
"hsa-miR-223-3p",6837.27416717023,0.606599763037566,0.288803468458506,2.10038946649534,0.0356945948591121,0.0531681268974733,"NS"
"hsa-miR-1268b",17.413045589176,0.53750324770467,0.258819116554437,2.07675250136177,0.0378244081956006,0.0561934419407226,"NS"
"hsa-miR-138-5p",678.058693449413,0.695077280474826,0.335338332390717,2.07276417079859,0.0381942324032012,0.0565950995766184,"NS"
"hsa-miR-30b-3p",78.6803434768121,-0.366749949358378,0.177731709589464,-2.06350318806656,0.0390648452184974,0.057734797219026,"NS"
"hsa-miR-4524a-3p",37.8587163096724,-0.551921701298522,0.268585970130413,-2.05491634961623,0.0398870850049914,0.0587972833363734,"NS"
"hsa-miR-625-5p",354.323943829097,0.437855349980237,0.214812621311578,2.03831295995007,0.041518644611133,0.0610442087435005,"NS"
"hsa-miR-181d-5p",251.139923824124,0.323198577669144,0.161445823583078,2.00190113622128,0.0452953654425117,0.0664254199401782,"NS"
"hsa-miR-379-3p",20.6583701727819,0.588596310500615,0.300772067436026,1.95695137357065,0.0503531856688581,0.0736528602714146,"NS"
"hsa-miR-378f",4046.42620595967,-1.05094968055696,0.539772627209589,-1.94702292702383,0.0515319860528593,0.075183846318146,"NS"
"hsa-let-7d-3p",790.140784375846,0.38073771771593,0.199879068466162,1.90484036491488,0.0568008250973397,0.0826590012286094,"NS"
"hsa-miR-495-5p",24.6074198578476,0.582515013567884,0.316996285590509,1.83760832554476,0.066120141120467,0.0959754089223105,"NS"
"hsa-miR-584-5p",180.414265843327,0.264934435449996,0.144503118031193,1.83341673909629,0.0667406201587507,0.0966295492883694,"NS"
"hsa-miR-143-5p",38.0404472179229,-0.456353854847629,0.250897476134383,-1.81888579302887,0.0689288557477598,0.0992539528787832,"NS"
"hsa-miR-1468-5p",395.792924485785,-0.511012184588872,0.281013264631666,-1.8184628588927,0.0689934184560506,0.0992539528787832,"NS"
"hsa-let-7a-3p",1329.68896593029,-0.235282828429148,0.129424287612991,-1.81791866711061,0.0690765647451637,0.0992539528787832,"NS"
"hsa-miR-3591-5p",4881.93009602064,0.523692682269447,0.289550647341373,1.80863930741632,0.0705070576294091,0.10105419594744,"NS"
"hsa-miR-556-3p",24.433823921086,0.412534824965423,0.228544617346387,1.80505159016795,0.0710666093920229,0.101600253125781,"NS"
"hsa-miR-1185-5p",38.7104581364254,0.484299735910348,0.269813554304571,1.79494220428845,0.0726629087644907,0.103622042824549,"NS"
"hsa-miR-3615",322.070510762985,0.357922719188967,0.202431428435923,1.76811833001645,0.0770411236953539,0.109590998456641,"NS"
"hsa-miR-326",157.341242498534,-0.313024798957534,0.177604205285125,-1.76248528831289,0.0779873398620283,0.110660340103477,"NS"
"hsa-miR-1296-5p",218.493016815959,0.353081388887037,0.200891800826413,1.75756993284225,0.0788207130259007,0.111564641073974,"NS"
"hsa-miR-337-3p",411.803484666312,0.497505676880035,0.28333984032387,1.75586206412542,0.0791119638571448,0.111699025892594,"NS"
"hsa-miR-154-5p",803.873959983804,0.499806766632354,0.287032061163598,1.74129246958054,0.0816323255191759,0.114688378322003,"NS"
"hsa-miR-365a-3p",474.901753703635,0.49662172616751,0.285017090058594,1.74242788762391,0.0814335996172582,0.114688378322003,"NS"
"hsa-miR-423-5p",2912.48873282986,0.518835351244825,0.298798467451,1.73640566389421,0.0824921314978448,0.11561089365092,"NS"
"hsa-let-7e-5p",4737.06598898598,0.277242993186306,0.16092120293559,1.72284937055358,0.0849157680405543,0.118715164656205,"NS"
"hsa-miR-136-5p",112.731100916688,0.456800376265134,0.269724189709622,1.69358327392479,0.090344498603306,0.125995146336473,"NS"
"hsa-miR-618",55.9047321004439,0.434984641791122,0.257324776414044,1.69041103562922,0.0909493452486897,0.126528551213947,"NS"
"hsa-miR-92a-3p",172603.733976601,0.265290270229768,0.159169125257597,1.6667194080537,0.0955702118822495,0.132632806246341,"NS"
"hsa-miR-29a-3p",15165.1534724621,-0.243540488416011,0.146458165900115,-1.66286725577395,0.0963390101684574,0.133374444734434,"NS"
"hsa-miR-27b-5p",450.803520676256,0.27709136085045,0.168099976126105,1.64837239859322,0.0992762763898194,0.137107284625746,"NS"
"hsa-miR-200b-5p",101.825343668423,-0.421179071541542,0.257281450428252,-1.63703629173607,0.101622886751472,0.13935594697809,"NS"
"hsa-miR-625-3p",18.6093544424432,0.36741581569792,0.224292174255322,1.63811250623338,0.101398226596008,0.13935594697809,"NS"
"hsa-miR-370-3p",69.9479219511745,0.518581949805234,0.316796103372683,1.63695810738924,0.101639223191402,0.13935594697809,"NS"
"hsa-miR-1-3p",140.559061629325,-0.446138634851987,0.273061480167114,-1.63383950961868,0.102292553897175,0.139914574921857,"NS"
"hsa-miR-6749-3p",7.33471440258595,0.329861293030815,0.20285303426439,1.62610973124951,0.103926314263627,0.141808328095933,"NS"
"hsa-miR-369-3p",646.965395837276,0.440385137789903,0.277377553999564,1.5876740256733,0.112360069441528,0.152949472517295,"NS"
"hsa-miR-7-1-3p",405.762173930501,0.204950644861151,0.130570431499805,1.56965587466452,0.116495191964315,0.158199914624571,"NS"
"hsa-miR-146b-3p",448.326223553973,-0.32722300394298,0.209030310594816,-1.56543327621643,0.117481351059257,0.159159258935041,"NS"
"hsa-miR-676-3p",25.6704350492635,0.413117258727928,0.264317010453533,1.56296130173035,0.118061697324039,0.159565571917763,"NS"
"hsa-miR-1228-3p",29.1267822714021,0.356864305374781,0.228991721119533,1.55841575245639,0.119134724850221,0.16063426170563,"NS"
"hsa-miR-503-5p",139.442426921107,-0.270101663054168,0.175515213363587,-1.53890741365332,0.123826901017809,0.166566209643341,"NS"
"hsa-miR-1976",6.62480042837023,0.26390471201693,0.171793315545552,1.53617567237041,0.124495300880074,0.167070344813118,"NS"
"hsa-miR-664b-3p",57.1774960177929,-0.19951709920868,0.131421943530968,-1.51814144463376,0.128978745153187,0.172392632615829,"NS"
"hsa-miR-4532",143.465605357682,-0.421766967431282,0.277882219179165,-1.51779041018579,0.129067243399548,0.172392632615829,"NS"
"hsa-miR-15a-3p",24.9039317836382,-0.265665681433555,0.176439389496726,-1.50570505934835,0.132142904614559,0.176087383432515,"NS"
"hsa-miR-134-3p",12.5438199219265,0.431972773663967,0.287446835067215,1.50279189389216,0.132892716914721,0.176672794216065,"NS"
"hsa-miR-6715a-3p",72.4453133688632,0.546437341644739,0.36983848086954,1.47750266646129,0.139540944055452,0.185078781276345,"NS"
"hsa-miR-1260b",414.506073409196,0.321221545506927,0.218630695384913,1.46924266485727,0.141766981894881,0.18759398301904,"NS"
"hsa-miR-374c-3p",901.820083685919,0.483763917033755,0.330659330433703,1.46302817585469,0.143459669328498,0.189393391758505,"NS"
"hsa-miR-3074-3p",38.8010966201937,-0.23809630880016,0.163113128950603,-1.45970045656021,0.144372416380516,0.190157187316004,"NS"
"hsa-let-7b-5p",58656.7823613413,-0.229927456906071,0.158221082503431,-1.45320366456907,0.146167215011153,0.192076548132439,"NS"
"hsa-miR-192-3p",569.223067404279,-0.272620227813646,0.189097986130554,-1.44168763185785,0.14939051430228,0.195859913912436,"NS"
"hsa-miR-193a-5p",2188.71567998589,0.284781006717275,0.2019949311785,1.40984234136855,0.158586241050307,0.207438094615229,"NS"
"hsa-miR-296-5p",268.190368813871,0.411806783736737,0.294215176484276,1.39967893110621,0.161609485741217,0.210907792171451,"NS"
"hsa-miR-92a-1-5p",40.057849072891,0.309200212875172,0.221413414571368,1.39648364790249,0.162568901399627,0.211191107069378,"NS"
"hsa-let-7i-3p",299.796524019792,-0.262758972554446,0.188038394315215,-1.39736873158986,0.162302716949197,0.211191107069378,"NS"
"hsa-miR-556-5p",24.5740189654025,0.284900111923402,0.206893940367079,1.37703458795324,0.168501554449948,0.218399509070661,"NS"
"hsa-let-7g-5p",86140.5988392595,-0.169838805181414,0.124791257809751,-1.36098319836106,0.173518999157934,0.224391614820147,"NS"
"hsa-miR-378d",1271.03724709218,-0.691748532661082,0.508786875631441,-1.35960372759728,0.17395535792366,0.224445801946854,"NS"
"hsa-miR-4443",13.1249779949905,-0.359064575068885,0.26784109354259,-1.34058807153052,0.180054232249483,0.231266045485228,"NS"
"hsa-miR-328-3p",943.0573129204,0.234039905203942,0.174474687048233,1.34139747812955,0.179791435939994,0.231266045485228,"NS"
"hsa-miR-134-5p",148.715908780675,0.364811903651871,0.273739729640958,1.3326962225409,0.182631513404491,0.234048043079179,"NS"
"hsa-miR-505-3p",463.452369747231,-0.257989553154093,0.194692821519061,-1.32511076238543,0.185134417047474,0.236722434382051,"NS"
"hsa-miR-331-3p",213.377476487189,0.242291203236102,0.186463581352897,1.29940228262348,0.193805908741586,0.247254623484221,"NS"
"hsa-miR-4454",67.7992088208389,-0.293556334507449,0.227053640401317,-1.2928941988712,0.196047654177317,0.249555067621686,"NS"
"hsa-miR-548aw",6.08771289140297,-0.211768336977629,0.164212136857998,-1.28960222447355,0.197188802986395,0.250447385935845,"NS"
"hsa-miR-758-3p",50.5467757482962,0.380007605458264,0.29537306019246,1.2865344090983,0.198256618104971,0.251242796663093,"NS"
"hsa-miR-3157-5p",19.9339088870283,-0.258296003736906,0.202758167844726,-1.27391170714617,0.202694708909799,0.256296198599279,"NS"
"hsa-miR-491-5p",27.3071893027133,0.200306472374977,0.158026111437238,1.26755300471043,0.204957623580903,0.258582899817148,"NS"
"hsa-miR-194-5p",84937.7980493321,-0.266437094493495,0.210418792064674,-1.26622290660999,0.20543328872319,0.258609604609503,"NS"
"hsa-miR-375",19865.6614335474,-0.423857017054852,0.335241597690495,-1.26433300632987,0.206110527512817,0.258889382240161,"NS"
"hsa-miR-337-5p",35.809722052247,0.389779489345885,0.309340714439978,1.26003293828144,0.207657480256893,0.26025794331756,"NS"
"hsa-miR-7641",16.1108379835057,0.379620718995723,0.309016624339975,1.22847992339102,0.219266861460484,0.27420405312311,"NS"
"hsa-miR-1295b-5p",33.629567323606,0.355959465531927,0.290204733245038,1.22658049560952,0.219980303691564,0.274492966667762,"NS"
"hsa-miR-19b-3p",16798.1024906276,-0.18568246385587,0.154032738627266,-1.20547401487933,0.228020363540606,0.283902815874409,"NS"
"hsa-miR-378g",7343.85707210887,-0.581279804191074,0.483828924014836,-1.20141598680704,0.229589877794492,0.285232839443375,"NS"
"hsa-miR-200a-3p",3732.69857083588,-0.294079374424504,0.248843178040572,-1.18178596150446,0.237290639490556,0.294157677276964,"NS"
"hsa-miR-598-3p",102.48438703169,-0.169717942751096,0.144109919979047,-1.17769784880716,0.238917084828414,0.295530046233408,"NS"
"hsa-miR-1307-5p",1005.06139090101,-0.31096194960036,0.266201106846089,-1.16814671916503,0.242747587988864,0.299616871075192,"NS"
"hsa-miR-342-3p",7403.67955741077,-0.141349579026919,0.121614682542575,-1.16227396291097,0.245124199325235,0.301895388346447,"NS"
"hsa-miR-374a-5p",1025.36824077035,-0.184829813950955,0.159498808661256,-1.158816266418,0.246531085608086,0.302972327669548,"NS"
"hsa-miR-499a-5p",1440.65562785235,0.309413399813408,0.267626435237965,1.15613915171828,0.247624243914485,0.303659902558927,"NS"
"hsa-miR-376a-3p",788.487124821566,0.328458062042478,0.284450302768955,1.15471159230675,0.248208550804033,0.303721861091387,"NS"
"hsa-miR-1275",27.7251374468127,-0.300792647393401,0.261514607585568,-1.15019443911936,0.250063796094276,0.305335407677345,"NS"
"hsa-miR-103b",6697.14624562657,0.36485258700394,0.318758291536033,1.1446057928275,0.252372491574894,0.307494534702601,"NS"
"hsa-miR-3074-5p",14919.6547683205,0.265806521205418,0.233284892299176,1.13940735118215,0.254533291268482,0.309464621221723,"NS"
"hsa-miR-204-3p",18.4481123553663,-0.322105933763374,0.289454476526584,-1.11280342811969,0.265792862774559,0.322465114965296,"NS"
"hsa-miR-2110",411.937096928497,0.165855869523919,0.154362859475082,1.07445450342084,0.282619025611818,0.34214941611303,"NS"
"hsa-miR-27a-3p",105534.891215441,0.274553359471634,0.255850954209949,1.07309882943152,0.283226776158751,0.34215718818329,"NS"
"hsa-miR-320a",6702.86137665112,0.115793582226624,0.10923253268263,1.06006497682387,0.289115039837326,0.347793779423759,"NS"
"hsa-miR-103a-3p",16811.1494576792,0.250401495386088,0.235914756545204,1.06140666676825,0.288505128458619,0.347793779423759,"NS"
"hsa-miR-6815-5p",13.8976840664975,-0.242043668325346,0.233186413981165,-1.0379835780008,0.299277700584733,0.359259518212475,"NS"
"hsa-miR-28-5p",7934.24245541573,-0.110595560413757,0.107242785747955,-1.03126340520174,0.302417314274373,0.362264109099196,"NS"
"hsa-miR-6513-3p",7.19009281536324,0.152849803422616,0.149256935570356,1.02407169783119,0.305801411181472,0.364828503033068,"NS"
"hsa-miR-3591-3p",538.971044887833,-0.30993838865091,0.302677424110157,-1.02398911832324,0.305840414669198,0.364828503033068,"NS"
"hsa-miR-17-3p",231.603390914743,0.119068214071904,0.11650960076634,1.02196053620246,0.306799578861331,0.365207030067149,"NS"
"hsa-miR-200a-5p",143.35520363597,-0.241710342981099,0.239865406276608,-1.00769154974504,0.313602562965957,0.372525800266449,"NS"
"hsa-miR-200b-3p",5440.46316586682,-0.24564286791499,0.247620220443282,-0.992014575688718,0.321190415258593,0.37995290287347,"NS"
"hsa-miR-26a-1-3p",18.003712690705,-0.18507749499207,0.186531154090389,-0.992206883051748,0.321096615550985,0.37995290287347,"NS"
"hsa-miR-3656",76.6059046692778,-0.239244190267364,0.24321776491282,-0.983662481863197,0.325281492675959,0.383994127246101,"NS"
"hsa-miR-181a-5p",101406.516436981,-0.106313895476721,0.10985006485561,-0.967809127982429,0.33313970423879,0.392456504579444,"NS"
"hsa-miR-374b-5p",1175.54134105212,0.238180233669625,0.247465969317756,0.962476716803807,0.335810193369053,0.394785124022709,"NS"
"hsa-miR-19a-3p",527.97781906624,0.159665810526496,0.167812002354797,0.951456441053137,0.341372720532282,0.400497068005914,"NS"
"hsa-miR-29b-3p",1012.93666233609,-0.153018851241048,0.161327113074685,-0.948500523716735,0.342874706320454,0.401431497729091,"NS"
"hsa-miR-1247-5p",204.53284792287,-0.327793085004251,0.352911634829656,-0.928824818038289,0.352979880469752,0.412413864450286,"NS"
"hsa-miR-6715b-3p",14.9374686405716,0.33653428472992,0.363013872402749,0.927056265102035,0.353897321903953,0.412638475744568,"NS"
"hsa-miR-6842-3p",13.6368981483651,0.133825776573019,0.14498334352117,0.923042422135056,0.355985098217413,0.414223969091428,"NS"
"hsa-miR-486-3p",85.3578629829025,-0.291176453090273,0.323582396808569,-0.899852575301038,0.368198710973991,0.427561360294288,"NS"
"hsa-miR-19b-1-5p",18.5961990067168,-0.178589591228343,0.200591562070069,-0.890314574478261,0.373296997443027,0.432598760784282,"NS"
"hsa-miR-29b-1-5p",37.9333826306114,-0.179176893035932,0.209055379837292,-0.857078603647442,0.391401445148152,0.452657362376623,"NS"
"hsa-miR-192-5p",774482.42114201,-0.14971584325221,0.176649245698999,-0.847531743822546,0.396698801211439,0.457853180302858,"NS"
"hsa-miR-3124-5p",14.2547524497149,-0.181845956855125,0.215268243849561,-0.844741210330153,0.398255345056852,0.458719213233499,"NS"
"hsa-miR-203a-3p",759.970976804125,0.272542649593828,0.326283352993487,0.835294375558498,0.403551983414188,0.463880966793279,"NS"
"hsa-miR-342-5p",198.338133820326,-0.11318710439327,0.135822805462821,-0.833343885127247,0.40465081260142,0.464206274939936,"NS"
"hsa-miR-374a-3p",613.80614541689,-0.0959230787584439,0.115749078903832,-0.828715698361105,0.407265300583646,0.466265505094758,"NS"
"hsa-miR-628-5p",59.9635112855568,0.110715384471977,0.134621828757533,0.822417772019618,0.41083916804177,0.46941262372644,"NS"
"hsa-miR-4516",20.507998398015,-0.21994482312161,0.268244707329528,-0.819940961039791,0.412249764486762,0.470080392771478,"NS"
"hsa-miR-33a-3p",22.6433333687805,-0.128304233356771,0.156884163473554,-0.817827819685569,0.413455510408332,0.470512370844681,"NS"
"hsa-miR-624-5p",69.4487092360673,0.134577114822473,0.165236401201198,0.814451984212647,0.415386068562663,0.47176581439552,"NS"
"hsa-miR-29a-5p",33.6312703606149,0.122612069364771,0.152064120994685,0.806318206837603,0.420059395091863,0.476123099217669,"NS"
"hsa-miR-181c-3p",87.2409505736316,0.126640842255451,0.159070015432952,0.796132708673998,0.425954904492457,0.481547364970524,"NS"
"hsa-miR-664a-3p",384.380127491168,-0.104373692193183,0.13126610603951,-0.795130558392334,0.426537560536282,0.481547364970524,"NS"
"hsa-miR-1271-5p",120.758658518129,-0.139890278595852,0.176836658250509,-0.791070584458125,0.428902803353508,0.483258802194349,"NS"
"hsa-miR-3184-3p",910.608225986792,0.343151598156628,0.436080012319299,0.786900542245837,0.431340090079071,0.485044488646228,"NS"
"hsa-miR-885-5p",2291.58679112562,0.185047001148675,0.237096119642379,0.780472499624996,0.435112808393258,0.488321869774682,"NS"
"hsa-miR-136-3p",892.663477028737,0.194543078537092,0.268567082032352,0.72437424968432,0.468836004240309,0.525133240969952,"NS"
"hsa-miR-340-3p",452.948330041333,0.116302696270293,0.161347759056791,0.720820028429131,0.471020251064425,0.526543266906989,"NS"
"hsa-miR-744-3p",38.8724300949311,-0.115246331037661,0.160408314881127,-0.718456092024072,0.472476111752606,0.527135112916143,"NS"
"hsa-miR-411-5p",3948.02319505402,0.171408956121872,0.24112680083274,0.710866463329273,0.477166989754068,0.531326843777035,"NS"
"hsa-miR-7977",68.2163055002675,0.185518580292225,0.265533509311187,0.698663535059938,0.484762327598115,0.538730008600249,"NS"
"hsa-miR-548q",16.743999042844,-0.108154195081074,0.158635399493754,-0.681778439277875,0.495379059609061,0.549455526155079,"NS"
"hsa-miR-223-5p",64.0549873294894,0.173416961461029,0.255328889541272,0.679190520792979,0.497017152694514,0.550199921951709,"NS"
"hsa-miR-4286",62.5279670567423,-0.132050625883149,0.198187915740063,-0.666289997500868,0.505225757733646,0.558200885729018,"NS"
"hsa-miR-340-5p",4238.80098603013,-0.0824410558519457,0.124714629273802,-0.661037572993558,0.508588218157988,0.560826930488169,"NS"
"hsa-miR-335-3p",508.514578286652,0.0992488704516149,0.150985007968116,0.65734255200075,0.510960681481116,0.562353245189082,"NS"
"hsa-miR-3065-5p",26.8382530351618,-0.151594072909615,0.232936187033198,-0.650796575836497,0.515177810896817,0.565899950579708,"NS"
"hsa-miR-181a-3p",398.381871068551,-0.0692818665041441,0.109354028198789,-0.633555687388122,0.526370827605006,0.577080926603562,"NS"
"hsa-miR-23a-3p",53476.4445640419,0.0942526544483438,0.149803842267164,0.62917381171206,0.529235271739616,0.579105518499695,"NS"
"hsa-miR-15a-5p",6552.40299480999,-0.0654913263958565,0.105404074576128,-0.621335813242739,0.534378694695469,0.58361128077106,"NS"
"hsa-miR-3912-3p",35.9189463877142,-0.0766851231602254,0.124939503479668,-0.613778036765647,0.539362012661209,0.587925259011931,"NS"
"hsa-miR-574-3p",5858.45759604933,0.0782156198450977,0.128148104681434,0.61035330986389,0.541627789962255,0.589266180666392,"NS"
"hsa-miR-1277-3p",38.3401281019795,0.115022788465393,0.193580929339313,0.594184503907295,0.552388716013122,0.599826678266157,"NS"
"hsa-miR-548ah-5p",53.8755510283121,-0.159970376980375,0.278674444838878,-0.574040354051357,0.565940494061351,0.613371697373159,"NS"
"hsa-miR-181a-2-3p",888.898006501439,-0.10689042446508,0.191596962230986,-0.557892062694684,0.576918091873227,0.624080597482635,"NS"
"hsa-miR-383-5p",88.1286637517841,-0.209630302108418,0.381289035493471,-0.549793680369305,0.582460893704125,0.628880926978458,"NS"
"hsa-miR-6724-5p",17.7838265379207,0.121492333596996,0.223512075828863,0.543560490619841,0.586743954077064,0.631110226597069,"NS"
"hsa-miR-1260a",392.614393362308,-0.11726899153553,0.215599625207573,-0.543920201264855,0.586496386940006,0.631110226597069,"NS"
"hsa-miR-30b-5p",11965.0327017854,-0.0843344684433866,0.156470718307989,-0.538979237491496,0.589901180935022,0.63330900368307,"NS"
"hsa-miR-140-3p",3425.76324407709,0.0573063880178083,0.108148684458385,0.529885206693009,0.596191523479099,0.63859690179836,"NS"
"hsa-miR-675-3p",1221.11729974526,0.180885734484835,0.34218684899355,0.528616850755256,0.597071268465251,0.63859690179836,"NS"
"hsa-miR-107",1973.79410558251,-0.0961271150659306,0.182565601342441,-0.526534650334394,0.598516783465881,0.638941932067704,"NS"
"hsa-miR-219a-1-3p",11.6388952881668,0.0846848469120499,0.166676676346157,0.508078567250616,0.611398245310759,0.651471164010903,"NS"
"hsa-miR-651-5p",115.09580271821,0.0736861055470019,0.153702353248146,0.479407790380664,0.631648552431245,0.671790703426876,"NS"
"hsa-miR-33b-5p",118.104476526589,-0.178398690805984,0.385106806543615,-0.463244709713485,0.643188972177486,0.682788293225726,"NS"
"hsa-miR-1273c",6.55659413305035,0.0815418096913285,0.183662160943776,0.443977187637963,0.65705907711377,0.696213435526508,"NS"
"hsa-miR-576-3p",15.6358116914895,-0.0943548073738091,0.213469624456658,-0.442005777702421,0.658485025006434,0.696427470685244,"NS"
"hsa-let-7f-1-3p",120.519123241419,-0.0700266702273783,0.161886365513024,-0.432566819357893,0.665329499070481,0.702360825549358,"NS"
"hsa-miR-1295b-3p",48.4256557055047,0.131623984010351,0.315772996456038,0.416831032062857,0.67680200249936,0.713148776707659,"NS"
"hsa-miR-193b-3p",6282.16497361287,0.0685051404264562,0.173218377032488,0.395484252883905,0.692485540819272,0.725643227856659,"NS"
"hsa-miR-30d-3p",565.908409935693,0.0548906976190464,0.138179951522067,0.397240677930623,0.691189988044894,0.725643227856659,"NS"
"hsa-miR-576-5p",253.954043929297,0.0565735438010225,0.142957931039678,0.395735608298084,0.692300083834553,0.725643227856659,"NS"
"hsa-miR-4636",12.0936342558815,0.0945273645740027,0.243525146207674,0.388162643759965,0.697895675995172,0.729968087575832,"NS"
"hsa-miR-24-3p",42030.6082157475,-0.0543391226572333,0.144202240822061,-0.376825785420945,0.706303076925362,0.737406331689047,"NS"
"hsa-miR-744-5p",509.073326855885,0.0454172131411694,0.121662901310337,0.373303715857633,0.708922411170482,0.738785443142865,"NS"
"hsa-miR-1228-5p",23.7315941695351,0.0781705239820647,0.221829082516454,0.352390782557856,0.72454521367977,0.753685971816799,"NS"
"hsa-miR-22-5p",303.563444828254,-0.0419299433322686,0.123222283769542,-0.340278901263416,0.733646504508393,0.76176069537459,"NS"
"hsa-miR-3687",17.3979720457223,0.0982208489952894,0.308181414699301,0.318711136721614,0.749945568846314,0.77585277940646,"NS"
"hsa-let-7f-2-3p",89.3933570096315,0.0807277512318112,0.25257383601783,0.319620402907102,0.749256105795973,0.77585277940646,"NS"
"hsa-let-7a-5p",160846.266820093,-0.0404413678443765,0.129145668363955,-0.313145367991791,0.754170222436037,0.778807362188939,"NS"
"hsa-miR-338-5p",33.9739534751751,-0.0843107238856295,0.273238884325888,-0.308560489454617,0.75765587995816,0.780989484956872,"NS"
"hsa-miR-592",218.905431282058,0.0851036990941407,0.308809851410869,0.275586088673418,0.782865995683192,0.805516729735509,"NS"
"hsa-miR-4792",116.60562144524,0.0974893659703238,0.371696780752419,0.262281975574224,0.793104057151721,0.814577993717201,"NS"
"hsa-miR-1261",75.2634131767216,-0.085597239986341,0.330847834107921,-0.258720871536429,0.795850614567747,0.815926125565852,"NS"
"hsa-miR-28-3p",14372.5259574117,0.0267143810430169,0.105904333261527,0.25225012254264,0.800847738148009,0.819054366022681,"NS"
"hsa-miR-429",3134.87224579106,-0.067130821486735,0.267407588841194,-0.25104306791608,0.801780811730463,0.819054366022681,"NS"
"hsa-miR-548au-5p",19.0495458746586,0.047711913655091,0.193725112158042,0.246286674575093,0.805460324461905,0.821338574585706,"NS"
"hsa-miR-181c-5p",2162.56471536316,0.0355225355311619,0.151003436868637,0.235243225371513,0.814019958183495,0.828582032569603,"NS"
"hsa-miR-365b-3p",372.372066471943,-0.0568503904197344,0.252961646385903,-0.224739169877977,0.822182190810655,0.835395833162969,"NS"
"hsa-miR-29b-2-5p",130.187868289231,-0.0296739024668845,0.151129258338792,-0.196347833589995,0.844337924176749,0.856378393683726,"NS"
"hsa-miR-26a-2-3p",45.465530283768,-0.0409827825113722,0.227430143978371,-0.180199430886654,0.856996005205931,0.867670332672909,"NS"
"hsa-let-7f-5p",111763.595833771,-0.0181124543404062,0.129662125555842,-0.139689629972984,0.888905220151,0.896785585577871,"NS"
"hsa-miR-3944-5p",24.1920392139054,-0.0367231812431017,0.259250065665252,-0.14165157933082,0.887355223252523,0.896785585577871,"NS"
"hsa-miR-548f-3p",44.2320464868881,0.0198641688872801,0.210292666273847,0.0944596368444565,0.924744044166876,0.931290904656553,"NS"
"hsa-miR-146b-5p",61368.786448579,0.0164071300224173,0.199610671051098,0.0821956558535755,0.934491127884648,0.939444261071316,"NS"
"hsa-miR-505-5p",122.298523514527,-0.0163927499991379,0.214763539847334,-0.0763292969132042,0.939157118260637,0.942469841781839,"NS"
"hsa-miR-125a-3p",30.8419003288126,0.00964336479291056,0.175743089137326,0.0548719431315745,0.956240484329299,0.957924006308752,"NS"
"hsa-miR-20a-3p",25.8391322465066,0.00587249953714406,0.185012461270193,0.0317411027172263,0.974678516159485,0.974678516159485,"NS"
